Source,Packet_ID,Destination,Status,Input_time,Output_time,
0,0,5,received,226.000000,262.000000,
1,0,12,received,370.000000,416.000000,
2,0,15,received,24.000000,70.000000,
3,0,2,received,164.000000,215.000000,
4,0,11,received,59.000000,105.000000,
5,0,12,received,18.000000,59.000000,
6,0,9,received,147.000000,183.000000,
7,0,9,received,358.000000,399.000000,
8,0,2,received,147.000000,193.000000,
9,0,7,received,174.000000,215.000000,
10,0,2,received,236.000000,272.000000,
11,0,1,received,284.000000,330.000000,
12,0,0,received,3.000000,44.000000,
13,0,7,received,46.000000,92.000000,
14,0,13,received,121.000000,152.000000,
15,0,5,received,89.000000,135.000000,
0,1,9,received,626.000000,667.000000,
1,1,2,received,770.000000,801.000000,
2,1,11,received,424.000000,465.000000,
3,1,10,received,564.000000,605.000000,
4,1,0,received,459.000000,490.000000,
5,1,0,received,418.000000,454.000000,
6,1,15,received,547.000000,588.000000,
7,1,11,received,758.000000,789.000000,
8,1,13,received,547.000000,583.000000,
9,1,15,received,574.000000,615.000000,
10,1,3,received,636.000000,677.000000,
11,1,0,received,684.000000,735.000000,
12,1,2,received,403.000000,454.000000,
13,1,15,received,446.000000,482.000000,
14,1,2,received,521.000000,562.000000,
15,1,9,received,489.000000,530.000000,
0,2,4,received,1026.000000,1057.000000,
1,2,9,received,1170.000000,1206.000000,
2,2,8,received,824.000000,870.000000,
3,2,0,received,964.000000,1005.000000,
4,2,6,received,859.000000,895.000000,
5,2,0,received,818.000000,854.000000,
6,2,4,received,947.000000,983.000000,
7,2,8,received,1158.000000,1204.000000,
8,2,9,received,947.000000,978.000000,
9,2,6,received,974.000000,1010.000000,
10,2,2,received,1036.000000,1072.000000,
11,2,0,received,1084.000000,1135.000000,
12,2,4,received,803.000000,839.000000,
13,2,15,received,846.000000,882.000000,
14,2,5,received,921.000000,962.000000,
15,2,3,received,889.000000,930.000000,
0,3,7,received,1426.000000,1472.000000,
1,3,12,intact,-,-,
2,3,9,received,1224.000000,1265.000000,
3,3,6,received,1364.000000,1400.000000,
4,3,8,received,1259.000000,1290.000000,
5,3,15,received,1218.000000,1264.000000,
6,3,9,received,1347.000000,1383.000000,
7,3,0,intact,-,-,
8,3,13,received,1347.000000,1383.000000,
9,3,10,received,1374.000000,1405.000000,
10,3,2,received,1436.000000,1472.000000,
11,3,7,sent,1484.000000,-,
12,3,1,received,1203.000000,1249.000000,
13,3,0,received,1246.000000,1292.000000,
14,3,15,received,1321.000000,1352.000000,
15,3,9,received,1289.000000,1330.000000,
0,4,12,intact,-,-,
1,4,6,intact,-,-,
2,4,4,intact,-,-,
3,4,0,intact,-,-,
4,4,1,intact,-,-,
5,4,3,intact,-,-,
6,4,10,intact,-,-,
7,4,3,intact,-,-,
8,4,7,intact,-,-,
9,4,10,intact,-,-,
10,4,1,intact,-,-,
11,4,9,intact,-,-,
12,4,7,intact,-,-,
13,4,0,intact,-,-,
14,4,2,intact,-,-,
15,4,14,intact,-,-,
0,5,6,intact,-,-,
1,5,4,intact,-,-,
2,5,10,intact,-,-,
3,5,12,intact,-,-,
4,5,6,intact,-,-,
5,5,8,intact,-,-,
6,5,3,intact,-,-,
7,5,8,intact,-,-,
8,5,9,intact,-,-,
9,5,2,intact,-,-,
10,5,0,intact,-,-,
11,5,15,intact,-,-,
12,5,13,intact,-,-,
13,5,12,intact,-,-,
14,5,7,intact,-,-,
15,5,6,intact,-,-,
0,6,14,intact,-,-,
1,6,14,intact,-,-,
2,6,9,intact,-,-,
3,6,11,intact,-,-,
4,6,14,intact,-,-,
5,6,1,intact,-,-,
6,6,9,intact,-,-,
7,6,3,intact,-,-,
8,6,0,intact,-,-,
9,6,15,intact,-,-,
10,6,5,intact,-,-,
11,6,13,intact,-,-,
12,6,6,intact,-,-,
13,6,11,intact,-,-,
14,6,4,intact,-,-,
15,6,8,intact,-,-,
0,7,13,intact,-,-,
1,7,9,intact,-,-,
2,7,5,intact,-,-,
3,7,15,intact,-,-,
4,7,9,intact,-,-,
5,7,8,intact,-,-,
6,7,4,intact,-,-,
7,7,2,intact,-,-,
8,7,4,intact,-,-,
9,7,12,intact,-,-,
10,7,2,intact,-,-,
11,7,1,intact,-,-,
12,7,0,intact,-,-,
13,7,15,intact,-,-,
14,7,6,intact,-,-,
15,7,12,intact,-,-,
0,8,6,intact,-,-,
1,8,3,intact,-,-,
2,8,4,intact,-,-,
3,8,0,intact,-,-,
4,8,0,intact,-,-,
5,8,13,intact,-,-,
6,8,3,intact,-,-,
7,8,11,intact,-,-,
8,8,11,intact,-,-,
9,8,11,intact,-,-,
10,8,12,intact,-,-,
11,8,12,intact,-,-,
12,8,9,intact,-,-,
13,8,1,intact,-,-,
14,8,5,intact,-,-,
15,8,10,intact,-,-,
0,9,1,intact,-,-,
1,9,14,intact,-,-,
2,9,13,intact,-,-,
3,9,13,intact,-,-,
4,9,9,intact,-,-,
5,9,7,intact,-,-,
6,9,5,intact,-,-,
7,9,1,intact,-,-,
8,9,1,intact,-,-,
9,9,5,intact,-,-,
10,9,4,intact,-,-,
11,9,10,intact,-,-,
12,9,5,intact,-,-,
13,9,10,intact,-,-,
14,9,11,intact,-,-,
15,9,9,intact,-,-,
0,10,10,intact,-,-,
1,10,4,intact,-,-,
2,10,14,intact,-,-,
3,10,8,intact,-,-,
4,10,7,intact,-,-,
5,10,6,intact,-,-,
6,10,1,intact,-,-,
7,10,15,intact,-,-,
8,10,11,intact,-,-,
9,10,13,intact,-,-,
10,10,12,intact,-,-,
11,10,8,intact,-,-,
12,10,3,intact,-,-,
13,10,12,intact,-,-,
14,10,4,intact,-,-,
15,10,7,intact,-,-,
0,11,8,intact,-,-,
1,11,11,intact,-,-,
2,11,6,intact,-,-,
3,11,1,intact,-,-,
4,11,0,intact,-,-,
5,11,7,intact,-,-,
6,11,1,intact,-,-,
7,11,3,intact,-,-,
8,11,0,intact,-,-,
9,11,14,intact,-,-,
10,11,7,intact,-,-,
11,11,5,intact,-,-,
12,11,9,intact,-,-,
13,11,8,intact,-,-,
14,11,11,intact,-,-,
15,11,14,intact,-,-,
0,12,2,intact,-,-,
1,12,3,intact,-,-,
2,12,9,intact,-,-,
3,12,6,intact,-,-,
4,12,8,intact,-,-,
5,12,12,intact,-,-,
6,12,3,intact,-,-,
7,12,3,intact,-,-,
8,12,15,intact,-,-,
9,12,1,intact,-,-,
10,12,9,intact,-,-,
11,12,4,intact,-,-,
12,12,11,intact,-,-,
13,12,2,intact,-,-,
14,12,9,intact,-,-,
15,12,12,intact,-,-,
0,13,4,intact,-,-,
1,13,10,intact,-,-,
2,13,1,intact,-,-,
3,13,13,intact,-,-,
4,13,7,intact,-,-,
5,13,12,intact,-,-,
6,13,3,intact,-,-,
7,13,2,intact,-,-,
8,13,6,intact,-,-,
9,13,14,intact,-,-,
10,13,14,intact,-,-,
11,13,8,intact,-,-,
12,13,5,intact,-,-,
13,13,12,intact,-,-,
14,13,1,intact,-,-,
15,13,14,intact,-,-,
0,14,5,intact,-,-,
1,14,5,intact,-,-,
2,14,14,intact,-,-,
3,14,1,intact,-,-,
4,14,3,intact,-,-,
5,14,10,intact,-,-,
6,14,0,intact,-,-,
7,14,13,intact,-,-,
8,14,5,intact,-,-,
9,14,13,intact,-,-,
10,14,4,intact,-,-,
11,14,0,intact,-,-,
12,14,2,intact,-,-,
13,14,8,intact,-,-,
14,14,8,intact,-,-,
15,14,6,intact,-,-,
0,15,7,intact,-,-,
1,15,3,intact,-,-,
2,15,11,intact,-,-,
3,15,1,intact,-,-,
4,15,5,intact,-,-,
5,15,3,intact,-,-,
6,15,15,intact,-,-,
7,15,2,intact,-,-,
8,15,5,intact,-,-,
9,15,3,intact,-,-,
10,15,8,intact,-,-,
11,15,8,intact,-,-,
12,15,11,intact,-,-,
13,15,6,intact,-,-,
14,15,5,intact,-,-,
15,15,1,intact,-,-,
0,16,15,intact,-,-,
1,16,4,intact,-,-,
2,16,15,intact,-,-,
3,16,4,intact,-,-,
4,16,11,intact,-,-,
5,16,7,intact,-,-,
6,16,11,intact,-,-,
7,16,4,intact,-,-,
8,16,2,intact,-,-,
9,16,4,intact,-,-,
10,16,15,intact,-,-,
11,16,0,intact,-,-,
12,16,4,intact,-,-,
13,16,9,intact,-,-,
14,16,15,intact,-,-,
15,16,8,intact,-,-,
0,17,6,intact,-,-,
1,17,0,intact,-,-,
2,17,0,intact,-,-,
3,17,4,intact,-,-,
4,17,5,intact,-,-,
5,17,14,intact,-,-,
6,17,10,intact,-,-,
7,17,3,intact,-,-,
8,17,10,intact,-,-,
9,17,2,intact,-,-,
10,17,8,intact,-,-,
11,17,7,intact,-,-,
12,17,7,intact,-,-,
13,17,15,intact,-,-,
14,17,8,intact,-,-,
15,17,3,intact,-,-,
0,18,9,intact,-,-,
1,18,10,intact,-,-,
2,18,1,intact,-,-,
3,18,12,intact,-,-,
4,18,5,intact,-,-,
5,18,3,intact,-,-,
6,18,3,intact,-,-,
7,18,11,intact,-,-,
8,18,12,intact,-,-,
9,18,5,intact,-,-,
10,18,7,intact,-,-,
11,18,10,intact,-,-,
12,18,15,intact,-,-,
13,18,10,intact,-,-,
14,18,6,intact,-,-,
15,18,8,intact,-,-,
0,19,13,intact,-,-,
1,19,12,intact,-,-,
2,19,13,intact,-,-,
3,19,2,intact,-,-,
4,19,5,intact,-,-,
5,19,8,intact,-,-,
6,19,2,intact,-,-,
7,19,11,intact,-,-,
8,19,0,intact,-,-,
9,19,13,intact,-,-,
10,19,9,intact,-,-,
11,19,5,intact,-,-,
12,19,10,intact,-,-,
13,19,3,intact,-,-,
14,19,0,intact,-,-,
15,19,11,intact,-,-,
0,20,8,intact,-,-,
1,20,12,intact,-,-,
2,20,3,intact,-,-,
3,20,5,intact,-,-,
4,20,10,intact,-,-,
5,20,1,intact,-,-,
6,20,2,intact,-,-,
7,20,15,intact,-,-,
8,20,11,intact,-,-,
9,20,6,intact,-,-,
10,20,6,intact,-,-,
11,20,8,intact,-,-,
12,20,14,intact,-,-,
13,20,2,intact,-,-,
14,20,10,intact,-,-,
15,20,5,intact,-,-,
0,21,11,intact,-,-,
1,21,3,intact,-,-,
2,21,14,intact,-,-,
3,21,8,intact,-,-,
4,21,14,intact,-,-,
5,21,11,intact,-,-,
6,21,4,intact,-,-,
7,21,3,intact,-,-,
8,21,10,intact,-,-,
9,21,2,intact,-,-,
10,21,13,intact,-,-,
11,21,15,intact,-,-,
12,21,8,intact,-,-,
13,21,8,intact,-,-,
14,21,8,intact,-,-,
15,21,4,intact,-,-,
0,22,3,intact,-,-,
1,22,15,intact,-,-,
2,22,1,intact,-,-,
3,22,15,intact,-,-,
4,22,14,intact,-,-,
5,22,8,intact,-,-,
6,22,14,intact,-,-,
7,22,14,intact,-,-,
8,22,10,intact,-,-,
9,22,3,intact,-,-,
10,22,5,intact,-,-,
11,22,4,intact,-,-,
12,22,5,intact,-,-,
13,22,11,intact,-,-,
14,22,11,intact,-,-,
15,22,13,intact,-,-,
0,23,14,intact,-,-,
1,23,13,intact,-,-,
2,23,14,intact,-,-,
3,23,6,intact,-,-,
4,23,12,intact,-,-,
5,23,14,intact,-,-,
6,23,10,intact,-,-,
7,23,13,intact,-,-,
8,23,1,intact,-,-,
9,23,14,intact,-,-,
10,23,2,intact,-,-,
11,23,12,intact,-,-,
12,23,14,intact,-,-,
13,23,10,intact,-,-,
14,23,9,intact,-,-,
15,23,9,intact,-,-,
0,24,5,intact,-,-,
1,24,15,intact,-,-,
2,24,10,intact,-,-,
3,24,15,intact,-,-,
4,24,0,intact,-,-,
5,24,4,intact,-,-,
6,24,2,intact,-,-,
7,24,4,intact,-,-,
8,24,7,intact,-,-,
9,24,11,intact,-,-,
10,24,7,intact,-,-,
11,24,10,intact,-,-,
12,24,15,intact,-,-,
13,24,3,intact,-,-,
14,24,2,intact,-,-,
15,24,11,intact,-,-,
0,25,3,intact,-,-,
1,25,7,intact,-,-,
2,25,5,intact,-,-,
3,25,2,intact,-,-,
4,25,11,intact,-,-,
5,25,10,intact,-,-,
6,25,11,intact,-,-,
7,25,13,intact,-,-,
8,25,11,intact,-,-,
9,25,10,intact,-,-,
10,25,4,intact,-,-,
11,25,9,intact,-,-,
12,25,8,intact,-,-,
13,25,1,intact,-,-,
14,25,8,intact,-,-,
15,25,5,intact,-,-,
0,26,10,intact,-,-,
1,26,4,intact,-,-,
2,26,4,intact,-,-,
3,26,9,intact,-,-,
4,26,15,intact,-,-,
5,26,15,intact,-,-,
6,26,7,intact,-,-,
7,26,14,intact,-,-,
8,26,14,intact,-,-,
9,26,10,intact,-,-,
10,26,6,intact,-,-,
11,26,12,intact,-,-,
12,26,5,intact,-,-,
13,26,8,intact,-,-,
14,26,10,intact,-,-,
15,26,9,intact,-,-,
0,27,10,intact,-,-,
1,27,7,intact,-,-,
2,27,13,intact,-,-,
3,27,11,intact,-,-,
4,27,7,intact,-,-,
5,27,4,intact,-,-,
6,27,9,intact,-,-,
7,27,0,intact,-,-,
8,27,12,intact,-,-,
9,27,10,intact,-,-,
10,27,0,intact,-,-,
11,27,2,intact,-,-,
12,27,15,intact,-,-,
13,27,15,intact,-,-,
14,27,7,intact,-,-,
15,27,4,intact,-,-,
0,28,14,intact,-,-,
1,28,14,intact,-,-,
2,28,5,intact,-,-,
3,28,11,intact,-,-,
4,28,0,intact,-,-,
5,28,15,intact,-,-,
6,28,14,intact,-,-,
7,28,5,intact,-,-,
8,28,6,intact,-,-,
9,28,8,intact,-,-,
10,28,15,intact,-,-,
11,28,9,intact,-,-,
12,28,15,intact,-,-,
13,28,15,intact,-,-,
14,28,13,intact,-,-,
15,28,1,intact,-,-,
0,29,4,intact,-,-,
1,29,4,intact,-,-,
2,29,6,intact,-,-,
3,29,13,intact,-,-,
4,29,5,intact,-,-,
5,29,7,intact,-,-,
6,29,2,intact,-,-,
7,29,5,intact,-,-,
8,29,6,intact,-,-,
9,29,14,intact,-,-,
10,29,13,intact,-,-,
11,29,14,intact,-,-,
12,29,9,intact,-,-,
13,29,1,intact,-,-,
14,29,1,intact,-,-,
15,29,3,intact,-,-,
